{"cameraMode":{"drawMode":0,"name":"Shaded","section":"Shading Mode"},"sceneLighting":true,"audioPlay":false,"sceneViewState":{"showFog":true,"showMaterialUpdate":true,"showSkybox":true,"showFlares":true,"showImageEffects":true,"showParticleSystems":true},"in2DMode":false,"pivot":{"x":5.971553325653076,"y":3.6427717208862306,"z":4.2581987380981449},"rotation":{"x":0.1540367156267166,"y":-0.7224708795547485,"z":0.17064259946346284,"w":0.6523454785346985},"size":2.066028118133545,"orthographic":false}