{"cameraMode":{"drawMode":0,"name":"Shaded","section":"Shading Mode"},"sceneLighting":false,"audioPlay":false,"sceneViewState":{"showFog":true,"showMaterialUpdate":true,"showSkybox":false,"showFlares":true,"showImageEffects":true,"showParticleSystems":true},"in2DMode":false,"pivot":{"x":0.0,"y":0.5899999141693115,"z":3.2699999809265138},"rotation":{"x":-0.08179803192615509,"y":-0.5859751105308533,"z":0.059679388999938968,"w":-0.8041733503341675},"size":1.6227315664291382,"orthographic":false}