{"cameraMode":{"drawMode":0,"name":"Shaded","section":"Shading Mode"},"sceneLighting":true,"audioPlay":false,"sceneViewState":{"showFog":true,"showMaterialUpdate":true,"showSkybox":true,"showFlares":true,"showImageEffects":true,"showParticleSystems":true},"in2DMode":false,"pivot":{"x":4.339115142822266,"y":-2.3595473766326906,"z":-1.828895926475525},"rotation":{"x":-0.14179161190986634,"y":-0.8014117479324341,"z":0.209689661860466,"w":-0.5419379472732544},"size":6.918739318847656,"orthographic":false}