{"cameraMode":{"drawMode":0,"name":"Shaded","section":"Shading Mode"},"sceneLighting":true,"audioPlay":false,"sceneViewState":{"showFog":true,"showMaterialUpdate":true,"showSkybox":true,"showFlares":true,"showImageEffects":true,"showParticleSystems":true},"in2DMode":false,"pivot":{"x":14.340874671936036,"y":-2.8503763675689699,"z":5.364740371704102},"rotation":{"x":-0.0907486155629158,"y":-0.5791916847229004,"z":0.06508976966142655,"w":-0.8075268864631653},"size":9.415447235107422,"orthographic":false}