{"cameraMode":{"drawMode":0,"name":"Shaded","section":"Shading Mode"},"sceneLighting":true,"audioPlay":false,"sceneViewState":{"showFog":true,"showMaterialUpdate":true,"showSkybox":true,"showFlares":true,"showImageEffects":true,"showParticleSystems":true},"in2DMode":false,"pivot":{"x":-1.381982445716858,"y":-3.3282926082611086,"z":-8.334662437438965},"rotation":{"x":-0.011185928247869015,"y":-0.9688069820404053,"z":0.24357278645038606,"w":-0.04449267312884331},"size":6.918739318847656,"orthographic":false}