{"cameraMode":{"drawMode":0,"name":"Shaded","section":"Shading Mode"},"sceneLighting":false,"audioPlay":false,"sceneViewState":{"showFog":true,"showMaterialUpdate":true,"showSkybox":false,"showFlares":true,"showImageEffects":true,"showParticleSystems":true},"in2DMode":false,"pivot":{"x":6.1479997634887699,"y":1.0829999446868897,"z":0.8090000152587891},"rotation":{"x":-0.2903304696083069,"y":-0.04705824702978134,"z":0.014324705116450787,"w":-0.9557640552520752},"size":0.17320504784584046,"orthographic":false}