{"cameraMode":{"drawMode":0,"name":"Shaded","section":"Shading Mode"},"sceneLighting":true,"audioPlay":false,"sceneViewState":{"showFog":true,"showMaterialUpdate":true,"showSkybox":true,"showFlares":true,"showImageEffects":true,"showParticleSystems":true},"in2DMode":false,"pivot":{"x":0.15834936499595643,"y":0.2183765172958374,"z":8.444408416748047},"rotation":{"x":-0.10274160653352738,"y":0.00476421695202589,"z":-0.0005317733739502728,"w":-0.9948105216026306},"size":7.586272239685059,"orthographic":false}